n_neighbors,min_dist,n_components,trustworthiness,continuity,distance_corr,mrre,composite_score,mse
15,0.5,3,0.9347917996736894,0.9896715613251046,0.5717376168887832,0.5528217160083548,0.968163484824955,0.12334482612844451
