n_neighbors,min_dist,n_components,trustworthiness,continuity,distance_corr,mrre,composite_score,mse
30,0.5,3,0.9142834172755433,0.9885564304461942,0.6638542175911647,0.5694566827060725,0.8615593419156911,0.11118829708698601
