n_neighbors,min_dist,n_components,trustworthiness,continuity,distance_corr,mrre,composite_score,mse
10,0.5,5,0.9390924783050767,0.9900177342697027,0.6725957046425798,0.5237841280582082,0.999584153741691,0.09633818931307853
