n_neighbors,min_dist,n_components,trustworthiness,continuity,distance_corr,mrre,composite_score,mse
15,0.3,5,0.9413379201108746,0.9904213895626062,0.6239291517211251,0.5645570039379539,0.9213071670934876,0.11592172075385525
