n_neighbors,min_dist,n_components,trustworthiness,continuity,distance_corr,mrre,composite_score,mse
10,0.5,3,0.9286013572627746,0.9895448204109621,0.6707669997340971,0.5416041777017093,1.0,0.10173413268324744
