n_neighbors,min_dist,n_components,trustworthiness,continuity,distance_corr,mrre,composite_score,runtime_s
15,0.5,3,0.9261908297447574,0.9897795706908215,0.6269388678369731,0.5869888775600238,0.8842617011825958,0.6122348308563232
